
{
  "configurations": [
    {
      "name": "DEV",
      "default-environment": "WILDFLY",
      "log-level": "debug",
      "environments": [
        {
          "name": "WILDFLY",
          "port": "8000",
          "web-server": "http://localhost",
          "endpoint-mangling": "",
          "backend-provider": "restkit-provider-key"
        }
      ]
    },
    {
      "name": "PROD",
      "default-environment": "WILDFLY",
      "log-level": "debug",
      "environments": [
        {
          "name": "WILDFLY",
          "port": "",
          "web-server": "http://valentinourbano.com",
          "endpoint-mangling": "/api/",
          "backend-provider": "restkit-provider-key"
        }
      ]
    }
  ]
}
